timestamp,block_start,substep_in_block,E_target_kwh,target_power_kw,solar_forecast_kw,solar_actual_kw,actual_available,battery_power_kw,grid_output_kw,soc_kwh
2026-01-03 00:00:00,2026-01-03 00:00:00,0,0.0,0.0,0.0,,False,0.0,0.0,50000.0
2026-01-03 00:05:00,2026-01-03 00:00:00,1,0.0,0.0,0.0,,False,0.0,0.0,50000.0
2026-01-03 00:10:00,2026-01-03 00:00:00,2,0.0,0.0,0.0,,False,0.0,0.0,50000.0
2026-01-03 00:15:00,2026-01-03 00:15:00,0,0.0,0.0,0.0,,False,0.0,0.0,50000.0
2026-01-03 00:20:00,2026-01-03 00:15:00,1,0.0,0.0,0.0,,False,0.0,0.0,50000.0
2026-01-03 00:25:00,2026-01-03 00:15:00,2,0.0,0.0,0.0,,False,0.0,0.0,50000.0
2026-01-03 00:30:00,2026-01-03 00:30:00,0,0.0,0.0,0.0,,False,0.0,0.0,50000.0
2026-01-03 00:35:00,2026-01-03 00:30:00,1,0.0,0.0,0.0,,False,0.0,0.0,50000.0
2026-01-03 00:40:00,2026-01-03 00:30:00,2,0.0,0.0,0.0,,False,0.0,0.0,50000.0
2026-01-03 00:45:00,2026-01-03 00:45:00,0,0.0,0.0,0.0,,False,0.0,0.0,50000.0
2026-01-03 00:50:00,2026-01-03 00:45:00,1,0.0,0.0,0.0,,False,0.0,0.0,50000.0
2026-01-03 00:55:00,2026-01-03 00:45:00,2,0.0,0.0,0.0,,False,0.0,0.0,50000.0
2026-01-03 01:00:00,2026-01-03 01:00:00,0,0.0,0.0,0.0,,False,0.0,0.0,50000.0
2026-01-03 01:05:00,2026-01-03 01:00:00,1,0.0,0.0,0.0,,False,0.0,0.0,50000.0
2026-01-03 01:10:00,2026-01-03 01:00:00,2,0.0,0.0,0.0,,False,0.0,0.0,50000.0
2026-01-03 01:15:00,2026-01-03 01:15:00,0,0.0,0.0,0.0,,False,0.0,0.0,50000.0
2026-01-03 01:20:00,2026-01-03 01:15:00,1,0.0,0.0,0.0,,False,0.0,0.0,50000.0
2026-01-03 01:25:00,2026-01-03 01:15:00,2,0.0,0.0,0.0,,False,0.0,0.0,50000.0
2026-01-03 01:30:00,2026-01-03 01:30:00,0,0.0,0.0,0.0,,False,0.0,0.0,50000.0
2026-01-03 01:35:00,2026-01-03 01:30:00,1,0.0,0.0,0.0,,False,0.0,0.0,50000.0
2026-01-03 01:40:00,2026-01-03 01:30:00,2,0.0,0.0,0.0,,False,0.0,0.0,50000.0
2026-01-03 01:45:00,2026-01-03 01:45:00,0,0.0,0.0,0.0,,False,0.0,0.0,50000.0
2026-01-03 01:50:00,2026-01-03 01:45:00,1,0.0,0.0,0.0,,False,0.0,0.0,50000.0
2026-01-03 01:55:00,2026-01-03 01:45:00,2,0.0,0.0,0.0,,False,0.0,0.0,50000.0
2026-01-03 02:00:00,2026-01-03 02:00:00,0,0.0,0.0,0.0,,False,0.0,0.0,50000.0
2026-01-03 02:05:00,2026-01-03 02:00:00,1,0.0,0.0,0.0,,False,0.0,0.0,50000.0
2026-01-03 02:10:00,2026-01-03 02:00:00,2,0.0,0.0,0.0,,False,0.0,0.0,50000.0
2026-01-03 02:15:00,2026-01-03 02:15:00,0,0.0,0.0,0.0,,False,0.0,0.0,50000.0
2026-01-03 02:20:00,2026-01-03 02:15:00,1,0.0,0.0,0.0,,False,0.0,0.0,50000.0
2026-01-03 02:25:00,2026-01-03 02:15:00,2,0.0,0.0,0.0,,False,0.0,0.0,50000.0
2026-01-03 02:30:00,2026-01-03 02:30:00,0,0.0,0.0,0.0,,False,0.0,0.0,50000.0
2026-01-03 02:35:00,2026-01-03 02:30:00,1,0.0,0.0,0.0,,False,0.0,0.0,50000.0
2026-01-03 02:40:00,2026-01-03 02:30:00,2,0.0,0.0,0.0,,False,0.0,0.0,50000.0
2026-01-03 02:45:00,2026-01-03 02:45:00,0,0.0,0.0,0.0,,False,0.0,0.0,50000.0
2026-01-03 02:50:00,2026-01-03 02:45:00,1,0.0,0.0,0.0,,False,0.0,0.0,50000.0
2026-01-03 02:55:00,2026-01-03 02:45:00,2,0.0,0.0,0.0,,False,0.0,0.0,50000.0
2026-01-03 03:00:00,2026-01-03 03:00:00,0,0.0,0.0,0.0,,False,0.0,0.0,50000.0
2026-01-03 03:05:00,2026-01-03 03:00:00,1,0.0,0.0,0.0,,False,0.0,0.0,50000.0
2026-01-03 03:10:00,2026-01-03 03:00:00,2,0.0,0.0,0.0,,False,0.0,0.0,50000.0
2026-01-03 03:15:00,2026-01-03 03:15:00,0,0.0,0.0,0.0,,False,0.0,0.0,50000.0
2026-01-03 03:20:00,2026-01-03 03:15:00,1,0.0,0.0,0.0,,False,0.0,0.0,50000.0
2026-01-03 03:25:00,2026-01-03 03:15:00,2,0.0,0.0,0.0,,False,0.0,0.0,50000.0
2026-01-03 03:30:00,2026-01-03 03:30:00,0,0.0,0.0,0.0,,False,0.0,0.0,50000.0
2026-01-03 03:35:00,2026-01-03 03:30:00,1,0.0,0.0,0.0,,False,0.0,0.0,50000.0
2026-01-03 03:40:00,2026-01-03 03:30:00,2,0.0,0.0,0.0,,False,0.0,0.0,50000.0
2026-01-03 03:45:00,2026-01-03 03:45:00,0,0.0,0.0,0.0,,False,0.0,0.0,50000.0
2026-01-03 03:50:00,2026-01-03 03:45:00,1,0.0,0.0,0.0,,False,0.0,0.0,50000.0
2026-01-03 03:55:00,2026-01-03 03:45:00,2,0.0,0.0,0.0,,False,0.0,0.0,50000.0
2026-01-03 04:00:00,2026-01-03 04:00:00,0,0.0,0.0,0.0,,False,0.0,0.0,50000.0
2026-01-03 04:05:00,2026-01-03 04:00:00,1,0.0,0.0,0.0,,False,0.0,0.0,50000.0
2026-01-03 04:10:00,2026-01-03 04:00:00,2,0.0,0.0,0.0,,False,0.0,0.0,50000.0
2026-01-03 04:15:00,2026-01-03 04:15:00,0,0.0,0.0,0.0,,False,0.0,0.0,50000.0
2026-01-03 04:20:00,2026-01-03 04:15:00,1,0.0,0.0,0.0,,False,0.0,0.0,50000.0
2026-01-03 04:25:00,2026-01-03 04:15:00,2,0.0,0.0,0.0,,False,0.0,0.0,50000.0
2026-01-03 04:30:00,2026-01-03 04:30:00,0,0.0,0.0,0.0,,False,0.0,0.0,50000.0
2026-01-03 04:35:00,2026-01-03 04:30:00,1,0.0,0.0,0.0,,False,0.0,0.0,50000.0
2026-01-03 04:40:00,2026-01-03 04:30:00,2,0.0,0.0,0.0,,False,0.0,0.0,50000.0
2026-01-03 04:45:00,2026-01-03 04:45:00,0,0.0,0.0,0.0,,False,0.0,0.0,50000.0
2026-01-03 04:50:00,2026-01-03 04:45:00,1,0.0,0.0,0.0,,False,0.0,0.0,50000.0
2026-01-03 04:55:00,2026-01-03 04:45:00,2,0.0,0.0,0.0,,False,0.0,0.0,50000.0
2026-01-03 05:00:00,2026-01-03 05:00:00,0,0.0,0.0,0.0,,False,0.0,0.0,50000.0
2026-01-03 05:05:00,2026-01-03 05:00:00,1,0.0,0.0,0.0,,False,0.0,0.0,50000.0
2026-01-03 05:10:00,2026-01-03 05:00:00,2,0.0,0.0,0.0,,False,0.0,0.0,50000.0
2026-01-03 05:15:00,2026-01-03 05:15:00,0,0.0,0.0,0.0,,False,0.0,0.0,50000.0
2026-01-03 05:20:00,2026-01-03 05:15:00,1,0.0,0.0,0.0,,False,0.0,0.0,50000.0
2026-01-03 05:25:00,2026-01-03 05:15:00,2,0.0,0.0,0.0,,False,0.0,0.0,50000.0
2026-01-03 05:30:00,2026-01-03 05:30:00,0,0.0,0.0,0.0,,False,0.0,0.0,50000.0
2026-01-03 05:35:00,2026-01-03 05:30:00,1,0.0,0.0,0.0,,False,0.0,0.0,50000.0
2026-01-03 05:40:00,2026-01-03 05:30:00,2,0.0,0.0,0.0,,False,0.0,0.0,50000.0
2026-01-03 05:45:00,2026-01-03 05:45:00,0,0.0,0.0,0.0,,False,0.0,0.0,50000.0
2026-01-03 05:50:00,2026-01-03 05:45:00,1,0.0,0.0,0.0,,False,0.0,0.0,50000.0
2026-01-03 05:55:00,2026-01-03 05:45:00,2,0.0,0.0,0.0,,False,0.0,0.0,50000.0
2026-01-03 06:00:00,2026-01-03 06:00:00,0,2540.2625,10161.05,11500.95,,False,-1271.4033333333336,10229.546666666667,50100.65276388889
2026-01-03 06:05:00,2026-01-03 06:00:00,1,2540.2625,10161.05,10761.99,,False,-1907.1050000000005,8854.884999999998,50251.63190972222
2026-01-03 06:10:00,2026-01-03 06:00:00,2,2540.2625,10161.05,12034.42,,False,-3814.2100000000064,8220.209999999994,50553.59020138889
2026-01-03 06:15:00,2026-01-03 06:15:00,0,2893.2175,11572.87,11927.69,,False,-1814.2100000000064,10113.479999999994,50697.215159722226
2026-01-03 06:20:00,2026-01-03 06:15:00,1,2893.2175,11572.87,13761.05,,False,-2054.6199999999963,11706.430000000004,50859.872576388894
2026-01-03 06:25:00,2026-01-03 06:15:00,2,2893.2175,11572.87,13139.11,,False,-4054.6199999999963,9084.490000000005,51180.86332638889
2026-01-03 06:30:00,2026-01-03 06:30:00,0,3278.445,13113.78,13154.86,,False,-2054.6199999999963,11100.240000000005,51343.52074305556
2026-01-03 06:35:00,2026-01-03 06:30:00,1,3278.445,13113.78,13646.54,,False,-1302.409999999999,12344.130000000001,51446.62820138889
2026-01-03 06:40:00,2026-01-03 06:30:00,2,3278.445,13113.78,15144.76,,False,-2604.819999999998,12539.940000000002,51652.843118055556
2026-01-03 06:45:00,2026-01-03 06:45:00,0,3696.06,14784.24,14823.89,,False,-1690.1733333333304,13133.716666666669,51786.648506944446
2026-01-03 06:50:00,2026-01-03 06:45:00,1,3696.06,14784.24,16452.26,,False,-2535.2599999999957,13917.000000000004,51987.35659027778
2026-01-03 06:55:00,2026-01-03 06:45:00,2,3696.06,14784.24,18147.09,,False,-4535.259999999996,13611.830000000005,52346.398006944444
2026-01-03 07:00:00,2026-01-03 07:00:00,0,4145.665,16582.66,17104.23,,False,-2535.2599999999957,14568.970000000005,52547.106090277775
2026-01-03 07:05:00,2026-01-03 07:00:00,1,4145.665,16582.66,17098.82,,False,-2557.635,14541.185,52749.585527777774
2026-01-03 07:10:00,2026-01-03 07:00:00,2,4145.665,16582.66,20660.2,,False,-4557.635,16102.565,53110.39829861111
2026-01-03 07:15:00,2026-01-03 07:15:00,0,4626.2975,18505.19,19516.26,,False,-2557.635,16958.625,53312.877736111106
2026-01-03 07:20:00,2026-01-03 07:15:00,1,4626.2975,18505.19,18530.46,,False,-768.005000000001,17762.454999999998,53373.67813194444
2026-01-03 07:25:00,2026-01-03 07:15:00,2,4626.2975,18505.19,19004.86,,False,-1536.010000000002,17468.85,53495.278923611106
2026-01-03 07:30:00,2026-01-03 07:30:00,0,5136.38,20545.52,19938.45,,False,-1904.8799999999974,18033.570000000003,53646.081923611106
2026-01-03 07:35:00,2026-01-03 07:30:00,1,5136.38,20545.52,22938.95,,False,-2857.3200000000015,20081.629999999997,53872.286423611105
2026-01-03 07:40:00,2026-01-03 07:30:00,2,5136.38,20545.52,24473.8,,False,-4857.3200000000015,19616.479999999996,54256.82425694444
2026-01-03 07:45:00,2026-01-03 07:45:00,0,5673.6825,22694.73,23517.29,,False,-2857.3200000000015,20659.97,54483.02875694444
2026-01-03 07:50:00,2026-01-03 07:45:00,1,5673.6825,22694.73,22513.47,,False,-1399.5199999999986,21113.950000000004,54593.824090277776
2026-01-03 07:55:00,2026-01-03 07:45:00,2,5673.6825,22694.73,24852.47,,False,-2799.0399999999972,22053.430000000004,54815.41475694444
2026-01-03 08:00:00,2026-01-03 08:00:00,0,6235.2975,24941.19,28858.91,,False,-3920.609999999997,24938.300000000003,55125.79638194444
2026-01-03 08:05:00,2026-01-03 08:00:00,1,6235.2975,24941.19,27219.91,,False,-5880.915000000001,21338.995,55591.36881944444
2026-01-03 08:10:00,2026-01-03 08:00:00,2,6235.2975,24941.19,30506.58,,False,-7880.915000000001,22625.665,56215.274590277775
2026-01-03 08:15:00,2026-01-03 08:15:00,0,6817.63,27270.52,30777.11,,False,-5880.915000000001,24896.195,56680.847027777774
2026-01-03 08:20:00,2026-01-03 08:15:00,1,6817.63,27270.52,26653.36,,False,-3880.915000000001,22772.445,56988.08613194444
2026-01-03 08:25:00,2026-01-03 08:15:00,2,6817.63,27270.52,31721.25,,False,-5880.915000000001,25840.335,57453.65856944444
2026-01-03 08:30:00,2026-01-03 08:30:00,0,7416.415,29665.66,32361.86,,False,-3880.915000000001,28480.945,57760.8976736111
2026-01-03 08:35:00,2026-01-03 08:30:00,1,7416.415,29665.66,32316.49,,False,-3540.7800000000007,28775.71,58041.2094236111
2026-01-03 08:40:00,2026-01-03 08:30:00,2,7416.415,29665.66,31400.19,,False,-5540.780000000001,25859.409999999996,58479.85450694444
2026-01-03 08:45:00,2026-01-03 08:45:00,0,8026.73,32106.92,34749.57,,False,-3540.7800000000007,31208.79,58760.16625694444
2026-01-03 08:50:00,2026-01-03 08:45:00,1,8026.73,32106.92,31967.45,,False,-2729.1449999999895,29238.30500000001,58976.22356944444
2026-01-03 08:55:00,2026-01-03 08:45:00,2,8026.73,32106.92,35062.03,,False,-4729.1449999999895,30332.88500000001,59350.61421527777
2026-01-03 09:00:00,2026-01-03 09:00:00,0,8643.0625,34572.25,36055.02,,False,-4655.769999999997,31399.25,59719.19600694443
2026-01-03 09:05:00,2026-01-03 09:00:00,1,8643.0625,34572.25,40639.82,,False,-6655.769999999997,33984.05,60246.11113194443
2026-01-03 09:10:00,2026-01-03 09:00:00,2,8643.0625,34572.25,40989.22,,False,-8655.769999999997,32333.450000000004,60931.35959027777
2026-01-03 09:15:00,2026-01-03 09:15:00,0,9259.355,37037.42,37141.82,,False,-6655.769999999997,30486.050000000003,61458.27471527777
2026-01-03 09:20:00,2026-01-03 09:15:00,1,9259.355,37037.42,39851.69,,False,-4655.769999999997,35195.920000000006,61826.85650694443
2026-01-03 09:25:00,2026-01-03 09:15:00,2,9259.355,37037.42,38087.19,,False,-3968.440000000017,34118.749999999985,62141.0246736111
2026-01-03 09:30:00,2026-01-03 09:30:00,0,9869.1125,39476.45,44983.44,,False,-4529.430000000008,40454.009999999995,62499.6045486111
2026-01-03 09:35:00,2026-01-03 09:30:00,1,9869.1125,39476.45,45540.81,,False,-6529.430000000008,39011.37999999999,63016.517756944435
2026-01-03 09:40:00,2026-01-03 09:30:00,2,9869.1125,39476.45,41493.39,,False,-8529.430000000008,32963.95999999999,63691.7642986111
2026-01-03 09:45:00,2026-01-03 09:45:00,0,10465.4925,41861.97,45289.8,,False,-6529.430000000008,38760.369999999995,64208.677506944434
2026-01-03 09:50:00,2026-01-03 09:45:00,1,10465.4925,41861.97,45862.83,,False,-4529.430000000008,41333.399999999994,64567.25738194444
2026-01-03 09:55:00,2026-01-03 09:45:00,2,10465.4925,41861.97,42520.74,,False,-6529.430000000008,35991.30999999999,65084.17059027777
2026-01-03 10:00:00,2026-01-03 10:00:00,0,11041.4325,44165.73,48931.08,,False,-4933.996666666659,43997.08333333334,65474.778659722215
2026-01-03 10:05:00,2026-01-03 10:00:00,1,11041.4325,44165.73,47646.58,,False,-6933.996666666659,40712.58333333334,66023.7200625
2026-01-03 10:10:00,2026-01-03 10:00:00,2,11041.4325,44165.73,50721.52,,False,-8933.996666666659,41787.52333333334,66730.99479861111
2026-01-03 10:15:00,2026-01-03 10:15:00,0,11589.7875,46359.15,49095.35,,False,-6933.996666666659,42161.35333333334,67279.93620138889
2026-01-03 10:20:00,2026-01-03 10:15:00,1,11589.7875,46359.15,44589.62,,False,-4933.996666666659,39655.623333333344,67670.54427083333
2026-01-03 10:25:00,2026-01-03 10:15:00,2,11589.7875,46359.15,48491.49,,False,-3099.010000000002,45392.479999999996,67915.88256249999
2026-01-03 10:30:00,2026-01-03 10:30:00,0,12103.4625,48413.85,46064.27,,False,-4390.249999999993,41674.020000000004,68263.44402083333
2026-01-03 10:35:00,2026-01-03 10:30:00,1,12103.4625,48413.85,56077.6,,False,-6390.249999999993,49687.350000000006,68769.33881249999
2026-01-03 10:40:00,2026-01-03 10:30:00,2,12103.4625,48413.85,56270.43,,False,-8390.249999999993,47880.18000000001,69433.56693749999
2026-01-03 10:45:00,2026-01-03 10:45:00,0,12575.58,50302.32,56462.14,,False,-6390.249999999993,50071.89000000001,69939.46172916665
2026-01-03 10:50:00,2026-01-03 10:45:00,1,12575.58,50302.32,51506.5,,False,-4390.249999999993,47116.25000000001,70287.02318749999
2026-01-03 10:55:00,2026-01-03 10:45:00,2,12575.58,50302.32,49375.28,,False,-6390.249999999993,42985.030000000006,70792.91797916665
2026-01-03 11:00:00,2026-01-03 11:00:00,0,12999.62,51998.48,58873.33,,False,-4758.906666666662,54114.42333333334,71169.66475694443
2026-01-03 11:05:00,2026-01-03 11:00:00,1,12999.62,51998.48,60222.51,,False,-6758.906666666662,53463.60333333334,71704.74486805554
2026-01-03 11:10:00,2026-01-03 11:00:00,2,12999.62,51998.48,51176.32,,False,-8758.906666666662,42417.41333333334,72398.15831249999
2026-01-03 11:15:00,2026-01-03 11:15:00,0,13369.5725,53478.29,56135.21,,False,-6758.906666666662,49376.30333333334,72933.2384236111
2026-01-03 11:20:00,2026-01-03 11:15:00,1,13369.5725,53478.29,51867.48,,False,-4758.906666666662,47108.57333333334,73309.98520138887
2026-01-03 11:25:00,2026-01-03 11:15:00,2,13369.5725,53478.29,60174.56,,False,-6758.906666666662,53415.653333333335,73845.06531249998
2026-01-03 11:30:00,2026-01-03 11:30:00,0,13680.0775,54720.31,60662.76,,False,-4758.906666666662,55903.85333333334,74221.81209027776
2026-01-03 11:35:00,2026-01-03 11:30:00,1,13680.0775,54720.31,53668.11,,False,-4102.4050000000025,49565.705,74546.58581944443
2026-01-03 11:40:00,2026-01-03 11:30:00,2,13680.0775,54720.31,58034.87,,False,-6102.4050000000025,51932.465,75029.69288194443
2026-01-03 11:45:00,2026-01-03 11:45:00,0,13926.56,55706.24,59222.22,,False,-4102.4050000000025,55119.815,75354.4666111111
2026-01-03 11:50:00,2026-01-03 11:45:00,1,13926.56,55706.24,56152.74,,False,-5918.109999999993,50234.630000000005,75822.98365277777
2026-01-03 11:55:00,2026-01-03 11:45:00,2,13926.56,55706.24,63579.98,,False,-7918.109999999993,55661.87000000001,76449.83402777776
2026-01-03 12:00:00,2026-01-03 12:00:00,0,14105.33,56421.32,58477.89,,False,-5918.109999999993,52559.780000000006,76918.35106944443
2026-01-03 12:05:00,2026-01-03 12:00:00,1,14105.33,56421.32,56142.33,,False,-3918.1099999999933,52224.22000000001,77228.53477777776
2026-01-03 12:10:00,2026-01-03 12:00:00,2,14105.33,56421.32,60197.93,,False,-5554.1899999999805,54643.74000000002,77668.2414861111
2026-01-03 12:15:00,2026-01-03 12:15:00,0,14213.695,56854.78,62599.28,,False,-3554.1899999999805,59045.09000000002,77949.6148611111
2026-01-03 12:20:00,2026-01-03 12:15:00,1,14213.695,56854.78,56349.89,,False,-3054.529999999999,53295.36,78191.43181944443
2026-01-03 12:25:00,2026-01-03 12:15:00,2,14213.695,56854.78,57724.23,,False,-5054.529999999999,52669.700000000004,78591.5821111111
2026-01-03 12:30:00,2026-01-03 12:30:00,0,14250.0,57000.0,65941.79,,False,-5304.28666666666,60637.503333333334,79011.50480555554
2026-01-03 12:35:00,2026-01-03 12:30:00,1,14250.0,57000.0,61781.02,,False,-7304.28666666666,54476.73333333334,79589.76083333332
2026-01-03 12:40:00,2026-01-03 12:30:00,2,14250.0,57000.0,59190.05,,False,-9304.28666666666,49885.76333333334,80326.35019444443
2026-01-03 12:45:00,2026-01-03 12:45:00,0,14213.695,56854.78,60057.51,,False,-7304.28666666666,52753.22333333334,80904.60622222221
2026-01-03 12:50:00,2026-01-03 12:45:00,1,14213.695,56854.78,55201.14,,False,-5304.28666666666,49896.85333333334,81324.52891666665
2026-01-03 12:55:00,2026-01-03 12:45:00,2,14213.695,56854.78,56296.03,,False,-3304.2866666666596,52991.74333333334,81586.11827777776
2026-01-03 13:00:00,2026-01-03 13:00:00,0,14105.33,56421.32,57467.62,,False,-1387.3866666666654,56080.23333333334,81695.95305555554
2026-01-03 13:05:00,2026-01-03 13:00:00,1,14105.33,56421.32,60217.52,,False,-2081.079999999998,58136.44,81860.70522222221
2026-01-03 13:10:00,2026-01-03 13:00:00,2,14105.33,56421.32,55740.98,,False,-4081.079999999998,51659.90000000001,82183.79072222221
2026-01-03 13:15:00,2026-01-03 13:15:00,0,13926.56,55706.24,55356.96,,False,-2081.079999999998,53275.880000000005,82348.54288888889
2026-01-03 13:20:00,2026-01-03 13:15:00,1,13926.56,55706.24,53318.99,,False,-527.244999999999,52791.744999999995,82390.28311805555
2026-01-03 13:25:00,2026-01-03 13:15:00,2,13926.56,55706.24,59497.26,,False,-1054.489999999998,58442.770000000004,82473.76357638888
2026-01-03 13:30:00,2026-01-03 13:30:00,0,13680.0775,54720.31,54477.72,,False,-3054.489999999998,51423.23,82715.57736805554
2026-01-03 13:35:00,2026-01-03 13:30:00,1,13680.0775,54720.31,61831.09,,False,-5054.489999999998,56776.6,83115.72449305555
2026-01-03 13:40:00,2026-01-03 13:30:00,2,13680.0775,54720.31,60839.97,,False,-7054.489999999998,53785.48,83674.20495138888
2026-01-03 13:45:00,2026-01-03 13:45:00,0,13369.5725,53478.29,51461.4,,False,-5054.489999999998,46406.91,84074.35207638888
2026-01-03 13:50:00,2026-01-03 13:45:00,1,13369.5725,53478.29,52876.57,,False,-3054.489999999998,49822.08,84316.16586805554
2026-01-03 13:55:00,2026-01-03 13:45:00,2,13369.5725,53478.29,57149.21,,False,-1054.489999999998,56094.72,84399.64632638887
2026-01-03 14:00:00,2026-01-03 14:00:00,0,12999.62,51998.48,51606.98,,False,-1342.4599999999991,50264.520000000004,84505.92440972221
2026-01-03 14:05:00,2026-01-03 14:00:00,1,12999.62,51998.48,50181.1,,False,-2013.6899999999878,48167.41000000001,84665.3415347222
2026-01-03 14:10:00,2026-01-03 14:00:00,2,12999.62,51998.48,58234.74,,False,-4013.689999999988,54221.05000000001,84983.09199305554
2026-01-03 14:15:00,2026-01-03 14:15:00,0,12575.58,50302.32,53702.16,,False,-3134.3066666666637,50567.85333333334,85231.22460416665
2026-01-03 14:20:00,2026-01-03 14:15:00,1,12575.58,50302.32,52022.46,,False,-4701.4599999999955,47321.0,85603.42352083331
2026-01-03 14:25:00,2026-01-03 14:15:00,2,12575.58,50302.32,54585.26,,False,-6701.4599999999955,47883.8,86133.95577083332
2026-01-03 14:30:00,2026-01-03 14:30:00,0,12103.4625,48413.85,54096.08,,False,-4701.4599999999955,49394.62000000001,86506.15468749998
2026-01-03 14:35:00,2026-01-03 14:30:00,1,12103.4625,48413.85,47147.1,,False,-2701.4599999999955,44445.64,86720.02027083331
2026-01-03 14:40:00,2026-01-03 14:30:00,2,12103.4625,48413.85,45544.3,,False,-1545.929999999993,43998.37000000001,86842.40639583331
2026-01-03 14:45:00,2026-01-03 14:45:00,0,11589.7875,46359.15,48126.17,,False,-1107.0400000000009,47019.13,86930.04706249999
2026-01-03 14:50:00,2026-01-03 14:45:00,1,11589.7875,46359.15,47309.92,,False,-1660.5599999999904,45649.36000000001,87061.50806249998
2026-01-03 14:55:00,2026-01-03 14:45:00,2,11589.7875,46359.15,46962.48,,False,-3321.1200000000026,43641.36,87324.43006249999
2026-01-03 15:00:00,2026-01-03 15:00:00,0,11041.4325,44165.73,48620.2,,False,-4210.529999999992,44409.670000000006,87657.76368749999
2026-01-03 15:05:00,2026-01-03 15:00:00,1,11041.4325,44165.73,47277.65,,False,-6210.529999999992,41067.12000000001,88149.43064583332
2026-01-03 15:10:00,2026-01-03 15:00:00,2,11041.4325,44165.73,49230.93,,False,-8210.529999999992,41020.40000000001,88799.43093749999
2026-01-03 15:15:00,2026-01-03 15:15:00,0,10465.4925,41861.97,40526.07,,False,-6210.529999999992,34315.54000000001,89291.09789583331
2026-01-03 15:20:00,2026-01-03 15:15:00,1,10465.4925,41861.97,42394.23,,False,-4210.529999999992,38183.70000000001,89624.43152083331
2026-01-03 15:25:00,2026-01-03 15:15:00,2,10465.4925,41861.97,41036.22,,False,-2210.5299999999916,38825.69000000001,89799.43181249998
2026-01-03 15:30:00,2026-01-03 15:30:00,0,9869.1125,39476.45,44559.96,,False,-721.9499999999971,43838.01,89856.58618749998
2026-01-03 15:35:00,2026-01-03 15:30:00,1,9869.1125,39476.45,38657.07,,False,-1082.9249999999956,37574.145000000004,89942.31774999999
2026-01-03 15:40:00,2026-01-03 15:30:00,2,9869.1125,39476.45,37378.17,,False,-728.6178947370009,36649.552105263,90000.0
2026-01-03 15:45:00,2026-01-03 15:45:00,0,9259.355,37037.42,38586.08,,False,0.0,38586.08,90000.0
2026-01-03 15:50:00,2026-01-03 15:45:00,1,9259.355,37037.42,37527.83,,False,0.0,37527.83,90000.0
2026-01-03 15:55:00,2026-01-03 15:45:00,2,9259.355,37037.42,35607.95,,False,0.0,35607.95,90000.0
2026-01-03 16:00:00,2026-01-03 16:00:00,0,8643.0625,34572.25,34570.84,,False,0.0,34570.84,90000.0
2026-01-03 16:05:00,2026-01-03 16:00:00,1,8643.0625,34572.25,38532.88,,False,0.0,38532.88,90000.0
2026-01-03 16:10:00,2026-01-03 16:00:00,2,8643.0625,34572.25,34265.97,,False,0.0,34265.97,90000.0
2026-01-03 16:15:00,2026-01-03 16:15:00,0,8026.73,32106.92,36239.25,,False,0.0,36239.25,90000.0
2026-01-03 16:20:00,2026-01-03 16:15:00,1,8026.73,32106.92,33267.67,,False,0.0,33267.67,90000.0
2026-01-03 16:25:00,2026-01-03 16:15:00,2,8026.73,32106.92,29195.93,,False,0.0,29195.93,90000.0
2026-01-03 16:30:00,2026-01-03 16:30:00,0,7416.415,29665.66,34345.23,,False,0.0,34345.23,90000.0
2026-01-03 16:35:00,2026-01-03 16:30:00,1,7416.415,29665.66,32421.85,,False,0.0,32421.85,90000.0
2026-01-03 16:40:00,2026-01-03 16:30:00,2,7416.415,29665.66,32310.26,,False,0.0,32310.26,90000.0
2026-01-03 16:45:00,2026-01-03 16:45:00,0,6817.63,27270.52,31153.66,,False,0.0,31153.66,90000.0
2026-01-03 16:50:00,2026-01-03 16:45:00,1,6817.63,27270.52,29824.18,,False,0.0,29824.18,90000.0
2026-01-03 16:55:00,2026-01-03 16:45:00,2,6817.63,27270.52,25256.25,,False,0.0,25256.25,90000.0
2026-01-03 17:00:00,2026-01-03 17:00:00,0,6235.2975,24941.19,26178.49,,False,156.23999999999796,26334.73,89986.2947368421
2026-01-03 17:05:00,2026-01-03 17:00:00,1,6235.2975,24941.19,23997.83,,False,234.35999999999694,24232.19,89965.73684210525
2026-01-03 17:10:00,2026-01-03 17:00:00,2,6235.2975,24941.19,24178.53,,False,468.7199999999939,24647.249999999993,89924.62105263157
2026-01-03 17:15:00,2026-01-03 17:15:00,0,5673.6825,22694.73,21780.42,,False,-266.5033333333304,21513.916666666668,89945.71923318712
2026-01-03 17:20:00,2026-01-03 17:15:00,1,5673.6825,22694.73,22563.34,,False,-399.75499999999556,22163.585000000006,89977.36650402045
2026-01-03 17:25:00,2026-01-03 17:15:00,2,5673.6825,22694.73,24539.94,,False,-285.896791320625,24254.043208679373,90000.0
2026-01-03 17:30:00,2026-01-03 17:30:00,0,5136.38,20545.52,20611.28,,False,0.0,20611.28,90000.0
2026-01-03 17:35:00,2026-01-03 17:30:00,1,5136.38,20545.52,22084.99,,False,0.0,22084.99,90000.0
2026-01-03 17:40:00,2026-01-03 17:30:00,2,5136.38,20545.52,20000.08,,False,0.0,20000.08,90000.0
2026-01-03 17:45:00,2026-01-03 17:45:00,0,4626.2975,18505.19,19179.2,,False,0.0,19179.2,90000.0
2026-01-03 17:50:00,2026-01-03 17:45:00,1,4626.2975,18505.19,20509.05,,False,0.0,20509.05,90000.0
2026-01-03 17:55:00,2026-01-03 17:45:00,2,4626.2975,18505.19,19910.75,,False,0.0,19910.75,90000.0
2026-01-03 18:00:00,2026-01-03 18:00:00,0,4145.665,16582.66,17650.12,,False,0.0,17650.12,90000.0
2026-01-03 18:05:00,2026-01-03 18:00:00,1,4145.665,16582.66,17543.91,,False,0.0,17543.91,90000.0
2026-01-03 18:10:00,2026-01-03 18:00:00,2,4145.665,16582.66,15061.58,,False,0.0,15061.58,90000.0
2026-01-03 18:15:00,2026-01-03 18:15:00,0,3696.06,14784.24,14929.61,,False,0.0,14929.61,90000.0
2026-01-03 18:20:00,2026-01-03 18:15:00,1,3696.06,14784.24,16363.62,,False,0.0,16363.62,90000.0
2026-01-03 18:25:00,2026-01-03 18:15:00,2,3696.06,14784.24,14602.63,,False,0.0,14602.63,90000.0
2026-01-03 18:30:00,2026-01-03 18:30:00,0,3278.445,13113.78,13920.47,,False,2000.0,15920.47,89824.56140350878
2026-01-03 18:35:00,2026-01-03 18:30:00,1,3278.445,13113.78,0.0,,False,4000.0,4000.0,89473.68421052632
2026-01-03 18:40:00,2026-01-03 18:30:00,2,3278.445,13113.78,0.0,,False,6000.0,6000.0,88947.36842105264
2026-01-03 18:45:00,2026-01-03 18:45:00,0,0.0,0.0,0.0,,False,4000.0,4000.0,88596.49122807018
2026-01-03 18:50:00,2026-01-03 18:45:00,1,0.0,0.0,0.0,,False,2000.0,2000.0,88421.05263157896
2026-01-03 18:55:00,2026-01-03 18:45:00,2,0.0,0.0,0.0,,False,0.0,0.0,88421.05263157896
2026-01-03 19:00:00,2026-01-03 19:00:00,0,0.0,0.0,0.0,,False,0.0,0.0,88421.05263157896
2026-01-03 19:05:00,2026-01-03 19:00:00,1,0.0,0.0,0.0,,False,0.0,0.0,88421.05263157896
2026-01-03 19:10:00,2026-01-03 19:00:00,2,0.0,0.0,0.0,,False,0.0,0.0,88421.05263157896
2026-01-03 19:15:00,2026-01-03 19:15:00,0,0.0,0.0,0.0,,False,0.0,0.0,88421.05263157896
2026-01-03 19:20:00,2026-01-03 19:15:00,1,0.0,0.0,0.0,,False,0.0,0.0,88421.05263157896
2026-01-03 19:25:00,2026-01-03 19:15:00,2,0.0,0.0,0.0,,False,0.0,0.0,88421.05263157896
2026-01-03 19:30:00,2026-01-03 19:30:00,0,0.0,0.0,0.0,,False,0.0,0.0,88421.05263157896
2026-01-03 19:35:00,2026-01-03 19:30:00,1,0.0,0.0,0.0,,False,0.0,0.0,88421.05263157896
2026-01-03 19:40:00,2026-01-03 19:30:00,2,0.0,0.0,0.0,,False,0.0,0.0,88421.05263157896
2026-01-03 19:45:00,2026-01-03 19:45:00,0,0.0,0.0,0.0,,False,0.0,0.0,88421.05263157896
2026-01-03 19:50:00,2026-01-03 19:45:00,1,0.0,0.0,0.0,,False,0.0,0.0,88421.05263157896
2026-01-03 19:55:00,2026-01-03 19:45:00,2,0.0,0.0,0.0,,False,0.0,0.0,88421.05263157896
2026-01-03 20:00:00,2026-01-03 20:00:00,0,0.0,0.0,0.0,,False,0.0,0.0,88421.05263157896
2026-01-03 20:05:00,2026-01-03 20:00:00,1,0.0,0.0,0.0,,False,0.0,0.0,88421.05263157896
2026-01-03 20:10:00,2026-01-03 20:00:00,2,0.0,0.0,0.0,,False,0.0,0.0,88421.05263157896
2026-01-03 20:15:00,2026-01-03 20:15:00,0,0.0,0.0,0.0,,False,0.0,0.0,88421.05263157896
2026-01-03 20:20:00,2026-01-03 20:15:00,1,0.0,0.0,0.0,,False,0.0,0.0,88421.05263157896
2026-01-03 20:25:00,2026-01-03 20:15:00,2,0.0,0.0,0.0,,False,0.0,0.0,88421.05263157896
2026-01-03 20:30:00,2026-01-03 20:30:00,0,0.0,0.0,0.0,,False,0.0,0.0,88421.05263157896
2026-01-03 20:35:00,2026-01-03 20:30:00,1,0.0,0.0,0.0,,False,0.0,0.0,88421.05263157896
2026-01-03 20:40:00,2026-01-03 20:30:00,2,0.0,0.0,0.0,,False,0.0,0.0,88421.05263157896
2026-01-03 20:45:00,2026-01-03 20:45:00,0,0.0,0.0,0.0,,False,0.0,0.0,88421.05263157896
2026-01-03 20:50:00,2026-01-03 20:45:00,1,0.0,0.0,0.0,,False,0.0,0.0,88421.05263157896
2026-01-03 20:55:00,2026-01-03 20:45:00,2,0.0,0.0,0.0,,False,0.0,0.0,88421.05263157896
2026-01-03 21:00:00,2026-01-03 21:00:00,0,0.0,0.0,0.0,,False,0.0,0.0,88421.05263157896
2026-01-03 21:05:00,2026-01-03 21:00:00,1,0.0,0.0,0.0,,False,0.0,0.0,88421.05263157896
2026-01-03 21:10:00,2026-01-03 21:00:00,2,0.0,0.0,0.0,,False,0.0,0.0,88421.05263157896
2026-01-03 21:15:00,2026-01-03 21:15:00,0,0.0,0.0,0.0,,False,0.0,0.0,88421.05263157896
2026-01-03 21:20:00,2026-01-03 21:15:00,1,0.0,0.0,0.0,,False,0.0,0.0,88421.05263157896
2026-01-03 21:25:00,2026-01-03 21:15:00,2,0.0,0.0,0.0,,False,0.0,0.0,88421.05263157896
2026-01-03 21:30:00,2026-01-03 21:30:00,0,0.0,0.0,0.0,,False,0.0,0.0,88421.05263157896
2026-01-03 21:35:00,2026-01-03 21:30:00,1,0.0,0.0,0.0,,False,0.0,0.0,88421.05263157896
2026-01-03 21:40:00,2026-01-03 21:30:00,2,0.0,0.0,0.0,,False,0.0,0.0,88421.05263157896
2026-01-03 21:45:00,2026-01-03 21:45:00,0,0.0,0.0,0.0,,False,0.0,0.0,88421.05263157896
2026-01-03 21:50:00,2026-01-03 21:45:00,1,0.0,0.0,0.0,,False,0.0,0.0,88421.05263157896
2026-01-03 21:55:00,2026-01-03 21:45:00,2,0.0,0.0,0.0,,False,0.0,0.0,88421.05263157896
2026-01-03 22:00:00,2026-01-03 22:00:00,0,0.0,0.0,0.0,,False,0.0,0.0,88421.05263157896
2026-01-03 22:05:00,2026-01-03 22:00:00,1,0.0,0.0,0.0,,False,0.0,0.0,88421.05263157896
2026-01-03 22:10:00,2026-01-03 22:00:00,2,0.0,0.0,0.0,,False,0.0,0.0,88421.05263157896
2026-01-03 22:15:00,2026-01-03 22:15:00,0,0.0,0.0,0.0,,False,0.0,0.0,88421.05263157896
2026-01-03 22:20:00,2026-01-03 22:15:00,1,0.0,0.0,0.0,,False,0.0,0.0,88421.05263157896
2026-01-03 22:25:00,2026-01-03 22:15:00,2,0.0,0.0,0.0,,False,0.0,0.0,88421.05263157896
2026-01-03 22:30:00,2026-01-03 22:30:00,0,0.0,0.0,0.0,,False,0.0,0.0,88421.05263157896
2026-01-03 22:35:00,2026-01-03 22:30:00,1,0.0,0.0,0.0,,False,0.0,0.0,88421.05263157896
2026-01-03 22:40:00,2026-01-03 22:30:00,2,0.0,0.0,0.0,,False,0.0,0.0,88421.05263157896
2026-01-03 22:45:00,2026-01-03 22:45:00,0,0.0,0.0,0.0,,False,0.0,0.0,88421.05263157896
2026-01-03 22:50:00,2026-01-03 22:45:00,1,0.0,0.0,0.0,,False,0.0,0.0,88421.05263157896
2026-01-03 22:55:00,2026-01-03 22:45:00,2,0.0,0.0,0.0,,False,0.0,0.0,88421.05263157896
2026-01-03 23:00:00,2026-01-03 23:00:00,0,0.0,0.0,0.0,,False,0.0,0.0,88421.05263157896
2026-01-03 23:05:00,2026-01-03 23:00:00,1,0.0,0.0,0.0,,False,0.0,0.0,88421.05263157896
2026-01-03 23:10:00,2026-01-03 23:00:00,2,0.0,0.0,0.0,,False,0.0,0.0,88421.05263157896
2026-01-03 23:15:00,2026-01-03 23:15:00,0,0.0,0.0,0.0,,False,0.0,0.0,88421.05263157896
2026-01-03 23:20:00,2026-01-03 23:15:00,1,0.0,0.0,0.0,,False,0.0,0.0,88421.05263157896
2026-01-03 23:25:00,2026-01-03 23:15:00,2,0.0,0.0,0.0,,False,0.0,0.0,88421.05263157896
2026-01-03 23:30:00,2026-01-03 23:30:00,0,0.0,0.0,0.0,,False,0.0,0.0,88421.05263157896
2026-01-03 23:35:00,2026-01-03 23:30:00,1,0.0,0.0,0.0,,False,0.0,0.0,88421.05263157896
2026-01-03 23:40:00,2026-01-03 23:30:00,2,0.0,0.0,0.0,,False,0.0,0.0,88421.05263157896
2026-01-03 23:45:00,2026-01-03 23:45:00,0,0.0,0.0,0.0,,False,0.0,0.0,88421.05263157896
2026-01-03 23:50:00,2026-01-03 23:45:00,1,0.0,0.0,0.0,,False,0.0,0.0,88421.05263157896
2026-01-03 23:55:00,2026-01-03 23:45:00,2,0.0,0.0,0.0,,False,0.0,0.0,88421.05263157896
